{"cameraMode":{"drawMode":0,"name":"Shaded","section":"Shading Mode"},"sceneLighting":false,"audioPlay":false,"sceneViewState":{"showFog":true,"showMaterialUpdate":false,"showSkybox":true,"showFlares":true,"showImageEffects":true,"showParticleSystems":true},"in2DMode":false,"pivot":{"x":0.05949363112449646,"y":0.9676811695098877,"z":1.3291640281677247},"rotation":{"x":-0.018137214705348016,"y":-0.9237470626831055,"z":-0.044086892157793048,"w":0.3800247311592102},"size":0.3760397136211395,"orthographic":false}