{"cameraMode":{"drawMode":0,"name":"Shaded","section":"Shading Mode"},"sceneLighting":false,"audioPlay":false,"sceneViewState":{"showFog":true,"showMaterialUpdate":false,"showSkybox":true,"showFlares":true,"showImageEffects":true,"showParticleSystems":true},"in2DMode":false,"pivot":{"x":-19.368927001953126,"y":-2.353200674057007,"z":14.672927856445313},"rotation":{"x":-0.067481130361557,"y":0.5309102535247803,"z":-0.042466867715120319,"w":-0.8436689376831055},"size":21.6461124420166,"orthographic":false}