{"cameraMode":{"drawMode":0,"name":"Shaded","section":"Shading Mode"},"sceneLighting":false,"audioPlay":false,"sceneViewState":{"showFog":true,"showMaterialUpdate":false,"showSkybox":true,"showFlares":true,"showImageEffects":true,"showParticleSystems":true},"in2DMode":false,"pivot":{"x":-1.0244548320770264e-8,"y":0.0,"z":0.04453478381037712},"rotation":{"x":-0.06497722864151001,"y":0.9169436097145081,"z":-0.16715486347675324,"w":-0.35644304752349856},"size":0.07949972152709961,"orthographic":false}