{"cameraMode":{"drawMode":0,"name":"Shaded","section":"Shading Mode"},"sceneLighting":true,"audioPlay":false,"sceneViewState":{"showFog":true,"showMaterialUpdate":false,"showSkybox":true,"showFlares":true,"showImageEffects":true,"showParticleSystems":true},"in2DMode":false,"pivot":{"x":9.051901817321778,"y":0.3703833818435669,"z":0.35245776176452639},"rotation":{"x":0.027090979740023614,"y":-0.7240481376647949,"z":0.028489120304584504,"w":0.6886282563209534},"size":6.836627006530762,"orthographic":false}