{"cameraMode":{"drawMode":0,"name":"Shaded","section":"Shading Mode"},"sceneLighting":false,"audioPlay":false,"sceneViewState":{"showFog":true,"showMaterialUpdate":false,"showSkybox":true,"showFlares":true,"showImageEffects":true,"showParticleSystems":true},"in2DMode":false,"pivot":{"x":0.005381755530834198,"y":0.0025405511260032655,"z":0.08609187602996826},"rotation":{"x":-0.24706944823265077,"y":-0.5544129014015198,"z":-0.17678779363632203,"w":0.7748090624809265},"size":0.11431536078453064,"orthographic":false}