{"cameraMode":{"drawMode":0,"name":"Shaded","section":"Shading Mode"},"sceneLighting":false,"audioPlay":false,"sceneViewState":{"showFog":true,"showMaterialUpdate":false,"showSkybox":true,"showFlares":true,"showImageEffects":true,"showParticleSystems":true},"in2DMode":false,"pivot":{"x":-3.725290298461914e-8,"y":0.16834795475006104,"z":0.32270365953445437},"rotation":{"x":0.13556033372879029,"y":-0.22968827188014985,"z":0.032326776534318927,"w":0.9632350206375122},"size":1.8919264078140259,"orthographic":false}